PLACE_NM,TRRSRT_ROAD_NM_ADDR,TRNSPORT_INFO_CN,CRSLK_ADDR,CRSLK_ROAD_NM,CHILD_PRTC_ZONE_AT,CRSLK_LA,CRSLK_LO
해운대 해수욕장,부산광역시 해운대구 해운대해변로 264,"도시철도 2호선 해운대역 하차 5번 출구 도보 15분, 버스 139, 307, 1003, 해운대해수욕장 하차, 부산시티투어버스 부산역(레드라인) → 해운대해수욕장 하차, 주차 해운대해수욕장 공영주차장",부산 해운대구 중동 1439-32,해운대해변로,N,35.16101,129.16355
광안리 해수욕장,부산 수영구 광안해변로 219,"도시철도 1호선 부산역 7번 출구 → 66, 88, 101 버스 환승 → 태종대(태종대온천) 하차, 버스 8, 30, 66, 88, 101, 186 태종대(태종대온천) 하차, 주차 정문입구 주차장(버스전용), 제7주차장, 자유랜드 주차장 (유료)",부산 수영구 민락동 186,광안해변로,Y,35.15444,129.11927
흰여울문화마을,부산 영도구 영선동4가 1044-6,"도시철도 1호선 남포역 6번 출구 → 7, 71, 508 버스 환승 → 영선동 백련사 하차, 버스 7,71,508 영선동 백련사 하차, 부산시티투어버스 부산역(점보버스) → 흰여울문화마을 하차, 주차 절영해안산책로 입구 공영 주차장 (유료)",부산 영도구 영선동4가 565-2,절영로,Y,35.08006,129.04421
부산영화체험박물관,부산 중구 대청로126번길 12,"도시철도 1호선 중앙역 5번 출구 도보 5분, 버스 126, 15, 186, 81, 86 백산기념관 하차 도보 3분, 주차 부산영화체험박물관 주차장(1시간 무료)",부산 중구 대청동1가 50-1,대청로,Y,35.10284,129.03275
태종대,부산광역시 영도구 전망로 24,"도시철도 1호선 부산역 7번 출구 → 66, 88, 101 버스 환승 → 태종대(태종대온천) 하차, 버스 8, 30, 66, 88, 101, 186 태종대(태종대온천) 하차, 주차 정문입구 주차장(버스전용), 제7주차장, 자유랜드 주차장 (유료)",부산 영도구 동삼동 1023-1,태종로,Y,35.06231,129.0812
소막마을,부산 남구 우암동 189-414,"버스 남구3, 68, 134, 138-1 남부중앙새마을금고 정류장 하차",부산 남구 우암동 238,우암로,Y,35.12634,129.06793
부산도서관,부산 사상구 사상로310번길 33,"도시철도 2호선 덕포역 2번 출구 도보 3분, 버스 15, 31, 33, 59, 62, 110, 148-1, 160, 169, 338, 1004(급행), 사상구1-1 덕포시장 하차, 주차 부산도서관 주차장",부산 사상구 덕포동 430,삼덕로,Y,35.17224,128.98336
아미동 비석문화마을,부산 서구 아미동2가 213-39,"도시철도 1호선 토성역 8번 출구 도보 15분, 마을버스 사하구1-1 서구2 산상교회(비석문화마을) 하차, 주차 아미골 공영주차장",부산 사하구 감천동 10-140,옥천로,N,35.09717,129.01019
한성1918,부산광역시 중구 백산길 13,"도시철도 1호선 중앙역 1번 출구 도보 3분, 버스 15, 81, 86, 126, 186 백산기념관 하차 도보 1분",부산 중구 동광동4가 27,대청로,Y,35.10282,129.03415
충렬사,부산광역시 동래구 충렬대로 345,"도시철도 4호선 충렬사역 1번 출구 도보 1분, 버스 105, 129-1, 148, 29, 42, 99, 1010 낙민역 하차, 주차 충렬사 주차장",부산 동래구 안락동 473,반송로,Y,35.19897,129.09671
조선통신사역사관,부산광역시 동구 자성로99,"도시철도 1호선 범일역 2번 출구 도보 12분, 버스 26, 41, 139, 80, 42, 1003 자성대 하차 도보 2분, 22, 23, 27, 40, 41, 63, 83, 101, 108, 134, 138 부산진시장 하차 도보 5분",부산 동구 범일동 394,자성로,Y,35.13608,129.06257
국립수산과학관,부산광역시 기장군 기장읍 기장해안로 216,"동해선 오시리아역 하차 → 버스 139 환승 국립수산과학관 하차, 버스 100, 139, 181 국립수산과학관 하차, 부산시티투어버스 블루라인(해운대) → 국립수산과학관 하차, 주차 국립수산과학관 주차장(무료)",부산 기장군 기장읍 시랑리 706,기장해안로,N,35.19415,129.22027
요산문학관,부산광역시 금정구 팔송로 60-6,"도시철도 1호선 범어사역 1번 출구 도보 12분, 버스 29, 51, 80 남산동 하차",부산 금정구 남산동 1003,금샘로,Y,35.27242,129.0851
사상생활사박물관,부산광역시 사상구 낙동대로1258번길 36,"도시철도 2호선 덕포역 1번 출구 도보 8분, 버스 123, 126 삼락생태공원 하차 도보 6분, 주차 사상생활사박물관 주차장",부산 사상구 삼락동 438,낙동대로,Y,35.17167,128.97686
부산해양자연사박물관,부산광역시 동래구 우장춘로 175,"도시철도 1호선 동래역 4번 출구 마을버스 1-1번 환승 해양자연사박물관 하차, 금강공원 공영주차장 이용(유료)",부산 동래구 온천동 204-48,우장춘로,Y,35.21928,129.07646
부산어촌민속관,부산광역시 북구 학사로 128,"도시철도 2호선 화명역 1번 출구 도보 12분, 버스 111, 121, 126, 15, 59, 금정구1, 북구3 와석 하차 도보 11분, 주차 부산어촌민속관 주차장",부산광역시 북구 학사로 128,학사로,Y,35.23369,129.0088
부산시청자미디어센터,부산광역시 해운대구 센텀중앙로 42,"도시철도 2호선 센텀시티역 4번 출구 도보 7분, 버스 115, 181, 307, 해운대구3-1, 해운대구3-2 시청자미디어센터 하차, 주차 부산시청자미디어센터 주차장",부산 해운대구 우동 1524,센텀중앙로,N,35.17032,129.13421
솔로몬로파크,부산광역시 북구 낙동북로 755,"도시철도 2호선 구명역 2번 출구 도보 15분, 버스 169-1 부산솔로몬로파크 하차, 주차 부산솔로몬로파크 주차장",부산 해운대구 우동 1524,낙동북로,N,35.20053,128.99943
부산기상관측소,부산광역시 중구 복병산길32번길 5-11,"도시철도 1호선 중앙역 11번 출구 도보 8분, 버스 186, 86 새들맨션 하차 도보 6분",부산 중구 대청동4가 102,중구로,Y,35.10493,129.0308
국립부산국악원,부산광역시 부산진구 국악로2,"버스 33, 44, 63, 83-1, 103 국립부산국악원 하차, 주차 부립부산국악원 주차장(무료)",부산 부산진구 연지동 73-1,성지로,Y,35.17233,129.05494
APEC나루공원,부산광역시 해운대구 수영강변대로 93,"도시철도 2호선 센텀시티역 12번 출구 도보 10분, 버스 139 영화의전당 하차 도보 3분",부산 해운대구 우동 1524,수영강변대로,N,35.17041,129.13424
민락수변공원,부산 수영구 광안해변로 361,"도시철도 2호선 광안역 3번 출구 도보 20분, 버스 41, 83-1, 210 민락수변공원 하차, 주차 인근공영주차장",부산 수영구 민락동 110-7,광안해변로,Y,35.15678,129.13346
부산시립미술관,부산광역시 해운대구 APEC로 58,"도시철도 2호선 벡스코(시립미술관)역 5번 출구, 주차 09:00~19:00 유료",부산 해운대구 우동 1127-46,APEC로,N,35.16678,129.13508
영화의 전당,부산광역시 해운대구 수영강변대로 120,"도시철도 2호선 센텀시티역 6번 출구 도보 5분, 버스 115, 181, 307, 해운대구3-1, 해운대구3-2 시청자미디어센터?KNN방송국 하차 도보 8분",부산 해운대구 우동 1524,수영강변대로,N,35.17034,129.13421
F1963,부산 수영구 구락로123번길 20,"도시철도 3호선 망미역 4번 출구 → 수영구2 마을버스 환승 → 산정아파트 하차 도보 2분, 버스 54 고려제강 하차 도보 2분, 주차 F1963 주차장",부산 수영구 망미동 601-1,구락로,Y,35.17717,129.10733
벡스코,부산광역시 해운대구 APEC로 55,"도시철도 2호선 센텀시티역 1번 출구 도보 6분, 버스 100, 100-1, 115-1, 139, 141, 181, 200, 31, 39, 40, 63 벡스코 시립미술관 하차",부산 해운대구 우동 1524,센텀3로,N,35.17036,129.13419
사상근린공원,부산광역시 사상구 백양대로 570 일원,"도시철도 2호선 감전역 2번 출구 도보 10분, 버스 129-1, 133, 169-1 사상근린공원 하차 도보 3분, 주차 사상근린공원 주차장",부산 사상구 감전동 307-4,백양대로,Y,35.15819,128.99294
달음산,부산광역시 기장군 일광면 화용길 299-106,"대중교통 없음, 주차 달음산자연휴양림 주차장",부산 기장군 정관읍 달산리 1037-3,산단로,N,35.31996,129.20117
유엔기념공원,유엔기념공원 부산광역시 남구 유엔평화로 93 유엔평화기념관 부산광역시 남구 홍곡로320번길 106,"유엔기념공원, 도시철도 2호선 대연역 3번 출구 도보 18분, 버스 134, 68, 138, 138-1, 1006 유엔공원?부산문화회관 하차, 부산시티투어버스 : 부산역(레드라인) → 유엔기념공원 하차, 유엔평화기념관, 버스 134, 68, 51 석포초 하차 도보 7분",부산 남구 대연동 737-9,유엔평화로,Y,35.12625,129.09576
부산치유의숲,부산광역시시 기장군 철마면 철마천로 101,"도시철도 1호선 범어사역 2번 출구, 마을버스 기장군2-3 환승, 부산치유의 숲 하차, 주차 부산치유의 숲 주차장",부산 금정구 두구동 614-4,체육공원로,N,35.28727,129.10874
송도구름다리,부산광역시 서구 암남동 703,"도시철도 1호선 자갈치역 하차- 1번출구- 자갈치역, 충무동교차로 정류장까지 도보 이동- 버스(7번) 환승- 암남공원 정류장 하차, 주차 암남공원 공영주차장 이용(유료)",부산 서구 암남동 620-38,암남공원로,N,35.06278,129.01972
부산영화체험박물관,부산광역시 중구 대청로126번길 12,"도시철도 1호선 중앙역 5번 출구 도보 5분, 버스 126, 15, 186, 81, 86 백산기념관 하차 도보 3분, 주차 부산영화체험박물관 주차장(1시간 무료)",부산 중구 동광동4가 27,대청로,Y,35.10282,129.03415
40계단,부산광역시 중구 동광길49,"도시철도 1호선 중앙역 11번 출구 도보 5분, 버스 17 26 27 40 41 61 82 85 87 103 134 190 1003 중앙동 하차",부산 중구 중앙동3가 20,대청로,Y,35.102,129.03595
다대포해수욕장,부산광역시 사하구 몰운대1길 14,"도시철도 1호선 다대포해수욕장역 2번 출구 도보 8분, 버스 11, 2, 3, 338, 96, 96-1, 1000 다대포해수욕장 하차, 주차 다대포해수욕장 공영주차장(유료)",부산 사하구 다대동 1543,다대로,Y,35.04843,128.96523
국립해양박물관,부산시 영도구 해양로301번길 45,"도시철도 1호선 남포역 6번 출구 → 186, 66번 버스 환승 → 국립해양박물관 하차, 부산시티투어버스 부산역(점보버스) → 국립해양박물관 하차, 주차 국립해양박물관 주차장 (유료)",부산 영도구 동삼동 254-25,해양로,N,35.08065,129.075
아미산전망대,부산광역시 사하구 다대낙조2길 77,"도시철도 1호선 다대포항역 1번 출구 → 사하구15 마을버스 환승 → 몰운대성당 하차 도보2분, 주차 아미산전망대 공영주차장(무료)",부산 사하구 다대동 1550-3,다대낙조2길,Y,35.05211,128.9608
송도해수욕장,부산광역시 서구 송도해변로 100,"도시철도 1호선 자갈치역 7번 출구 → 96, 26, 30, 7, 71 버스 환승 → 송도해수욕장 하차 도보 3분, 부산시티투어버스 부산역(점보버스) → 송도해수욕장 하차, 주차 송도해수욕장 공영주차장(유료)",부산 서구 암남동 356-5,송도해변로,Y,35.07603,129.01673
송정해수욕장,부산광역시 해운대구 송정해변로 62,"도시철도 2호선 해운대역 하차 → 해운대 정류장 139, 182, 200, 38, 39, 40, 63, 1001, 1003, 1011 버스 환승 → 송정해수욕장 입구 하차 도보 12분, 동해선 송정역 하차 도보 17분, 버스 100, 100-1, 139, 141, 181, 182, 185, 200, 38, 39, 40, 63 송정1단지주공 하차",부산 해운대구 송정동 713-8,송정해변로,N,35.17859,129.19873
오륙도 스카이워크,부산광역시 남구 오륙도로 137,"도시철도 2호선 경성대?부경대역 → 버스 24, 27, 131, 남구2 환승 → 오륙도 SK아파트 하차, 부산시티투어버스 : 부산역(레드라인) → 용호만 유람선터미널(그린라인 환승) → 오륙도 하차",부산 남구 용호동 947,오륙도로,Y,35.10148,129.12266
을숙도,부산광역시 사하구 낙동남로 1240,"도시철도 1호선 하단역 3번 출구 → 3, 55, 58, 58-2, 168, 520, 1005, 2000, 58-1, 221 버스 환승 을숙도(문화회관) 하차 도보 10분, 버스 3, 55, 58, 58-2, 168, 520, 1005, 2000, 58-1, 221 을숙도(문화회관) 하차 도보 10분, 주차 을숙도 공영주차장",부산 사하구 하단동 1150-1,낙동남로,N,35.10877,128.94627
암남공원,부산 서구 암남공원로 185,"도시철도 1호선 자갈치역 하차- 1번출구- 자갈치역, 충무동교차로 정류장까지 도보 이동- 버스(7번) 환승- 암남공원 정류장 하차, 주차 암남공원 공영주차장 이용(유료)",부산 서구 암남동 725,원양로,N,35.06198,129.01123
부산시민공원,부산광역시 부산진구 시민공원로 73,"도시철도 1호선 부전역 1번 출구 도보 17분, 버스 33, 44, 63, 179 부산시민공원 하차 도보 6분, 주차 부산시민공원 주차장(유료)",부산 부산진구 연지동 202-2,동평로,Y,35.17047,129.0542
용두산공원,부산광역시 중구 용두산길 37-55,"도시철도 1호선 중앙역 1번 출구 도보 6분, 1호선 남포역 7번 출구 도보 7분, 버스 126, 15, 186, 81, 86 백산기념관 하차 도보 6분, 134, 26, 30, 7, 71, 9, 103, 11, 113, 126, 15 남포동 하차 도보 10분, 주차 용두산공원 공영주차장(유료)",부산 중구 대청동1가 36-5,대청로,Y,35.10291,129.03291
해동용궁사,부산광역시 기장군 기장읍 용궁길 86,"도시철도 2호선 해운대역 7번 출구 → 181, 100, 해운대 9 버스 환승 → 해동용궁사 하차, 동해선 오시리아역 1번 출구 → 오시리아역 버스정류장 139 버스 환승 → 해동용궁사 하차, 부산시티투어버스 부산역(레드라인) → 해운대해수욕장 버스 환승(블루라인 ) → 해동용궁사 하차, 주차 해동용궁사 주차장 (유료)",부산 기장군 기장읍 시랑리 706,기장해안로,N,35.19411,129.22046
청사포,부산광역시 해운대구 청사포로128번길 25,"도시철도 2호선 장산역 5번 출구 → 마을버스 해운대구2 환승 → 청사포 슈퍼 하차 도보 3분, 부산시티투어버스 레드라인(부산역) → 블루라인 환승(해운대해수욕장) → 청사포 하차, 주차 청사포 공영주차장",부산 해운대구 중동 456,청사포로,Y,35.16248,129.18754
미포,부산광역시 해운대구 달맞이길62번길,도시철도 2호선 중동역 7번 출구 도보 17분,부산 해운대구 중동 941-3,달맞이길,Y,35.16138,129.17134
황령산 전망쉼터,부산 남구 황령산로 391-39,"도시철도 2호선 금련산역 6번 출구 하차 택시 이용 10~15분 소요, 도시철도 1호선 시청역 6번 출구 하차 → 마을버스 연제구1 환승 → 물만골종점 하차 도보 20분, 주차 황령산 전망쉼터 주차장",부산 연제구 연산동 2158,연수로,N,35.17441,129.08979
영도대교,부산광역시 영도구 태종로 46,"도시철도 1호선 남포동 6, 8번출구 도보 4분, 버스 6, 7, 9, 71, 508, 82, 85, 113, 66, 186, 30, 8, 190, 88, 30 영도대교 하차",부산 영도구 대교동1가 190-1,태종로,Y,35.09319,129.03739
보수동책방골목,부산광역시 중구 책방골목길 16,"도시철도 1호선 자갈치역 3번 출구 도보 11분, 버스 40, 81 보수동책방골목 하차, 버스 103, 11, 113, 8, 96 부평시장 하차",부산 중구 보수동1가 132-5,대청로,Y,35.10324,129.02675
부산근대역사관,부산 중구 대청로 104,"도시철도 1호선 중앙역 5번 출구 도보 7분, 버스 40, 81 국제시장 부산근대역사관 하차, 버스 15, 86, 126, 186 국제시장 하차",부산 중구 대청동2가 11-2,대청로,Y,35.10296,129.03154
삼락생태공원,부산광역시 사상구 낙동대로 1231,"부산김해 경전철 괘법르네시떼 1번 출구 도보 16분, 버스 8, 15, 31, 33, 59, 61, 62, 77, 110, 123, 126, 138-1, 160, 161, 169, 338 삼락생태공원 하차, 주차장 공원 및 인근 주차장 이용",부산 사상구 삼락동 438,낙동대로,Y,35.17171,128.9768
범어사,부산광역시 금정구 범어사로 250,"도시철도 1호선 범어사역 5, 7번 출구 → 버스 환승 90 범어사주차장 하차, 주차 범어사 주차장(유료)",부산 금정구 청룡동 461-1,범어사로,N,35.2795,129.07725
장림포구,부산광역시 사하구 장림로93번길 72,"도시철도 1호선 장림역 하차 후, 마을버스 5번 환승 후 장림포구 하차, 도보 2분 이동, 버스 : 부산역에서 1000번 버스 승차, 장림시장 하차, 도보 18분 이동",부산 사하구 장림동 1143,장림로,N,35.08151,128.95975
박차정의사 생가,부산광역시 동래구 명륜로98번길 129-10,"도시철도 4호선 낙민역 1번 출구 도보 4분, 버스 100, 110-1, 129-1, 144, 148, 200, 210, 29, 31, 43, 44, 49, 57 동래시장 하차",부산 동래구 낙민동 231,충렬대로,Y,35.20111,129.08903
렛츠런파크,부산광역시 강서구 가락대로 929,"좌석버스 220, 221 렛츠런파크 입구 하차, 시내버스 4 렛츠런파크 하차, 마을버스 강서구7, 강서구7-2 렛츠런파크입구 하차, 셔틀버스 (금~일 운행), 하단/주례 노선 : 도시철도 하단역 5번 출구, 주례역 8번 출구, 대저/김해 부원 노선 : 도시철도 대저역 1번 출구, 김해 부원역 1번 출구",부산 기장군 기장읍 청강리 5-2,기장대로,Y,35.24285,129.22049
금정산,부산광역시 금정구 금성동,"범어사 출발 기준 도시철도 1호선 범어사역 5번, 7번 출구 하차, 90번 버스 범어사 매표소 하차",부산 금정구 남산동 1006,금샘로,Y,35.26652,129.0848
옛백제병원,부산광역시 동구 중앙대로209번길 16,"도시철도 1호선 부산역 7번출구 도보 2분, 버스 103, 26, 27, 40, 41, 59, 81, 87, 1003, 1004 부산역 하차 도보 2분",부산 동구 초량동 424-1,중앙대로,Y,35.11668,129.03822
초량1941,"문화공감 수정 부산광역시 동구 홍곡로 75, 초량1941 부산광역시 동구 망양로 533-5","문화공감 수정, 도시철도 1호선 부산진역 1번 출구 도보 7분, 버스 103 경남여중 하차 59, 67, 81, 167 고관입구 하차, 부산역에서 택시로 기본요금, 초량1941, 버스 22, 38, 52, 86, 186 금수사 하차, 부산역에서 택시로 기본요금",부산 동구 초량동 840-4,망양로,Y,35.11973,129.03026
가덕도,부산광역시 강서구 가덕해안로 21,도시철도 1호선 하단역 하차 → 버스 520 환승 → 동중마을 정류장 하차,부산 강서구 송정동 1707-1,가락대로,N,35.08849,128.8397
가덕도 연대봉,부산광역시 강서구 천성동,도시철도 1호선 하단역 3번 출구 → 버스 520 환승 → 전망대 정류장 하차 연대봉까지 도보 이동,부산 강서구 송정동 1706,가락대로,N,35.08677,128.8394
임시수도기념관,부산광역시 서구 임시수도기념로 45,"도시철도 1호선 토성역 2번 출구 도보 6분, 버스 15, 40, 81 영락교회 하차, 마을버스 서구3, 서구3-1 부민이편한세상아파트 하차",부산 서구 부민동3가 75,해돋이로,Y,35.10383,129.01646
동아대학교 석당박물관,부산광역시 서구 구덕로 225,"도시철도 1호선 토성역 2번 출구 도보 10분, 버스 15,16, 40, 70, 81, 123, 126, 161, 190 동아대부민캠퍼스 하차, 주차 동아대학교 부민동캠퍼스 지하 주차장(유료)",부산 서구 부민동1가 39,보수대로,Y,35.10385,129.02116
국립부산과학관,부산광역시 기장군 기장읍 동부산관광6로 59,"도시철도 동해선 오시리아역 1번 출구 → 버스 185 환승 → 국립부산과학관 하차, 도시철도 2호선 장산역 5번?7번 출구 → 버스 185 환승 → 국립부산과학관 하차, 주차 국립부산과학관 주차장(유료)",부산 기장군 기장읍 내리 813,기장대로,Y,35.20542,129.20642
깡깡이예술마을,부산광역시 영도구 대평북로 36 깡깡이 안내센터,"도시철도 1호선 남포역 (6번출구) 도보 18분, 마을버스 영도구2 대평동 하차, 주차 봉래동, 남항시장 공영주차장 (유료)",부산 영도구 남항동1가 232-1,남항서로,Y,35.09036,129.03688
동래읍성,"부산광역시 동래구 명륜, 복천, 칠산, 명장, 안락동 일대","도시철도 명륜역 2번 출구 도보 21분, 마을버스 동래구1-1, 동래구7 동래문화회관 하차 도보 4분",부산 동래구 칠산동 50,칠산로,Y,35.20783,129.09211
복천박물관,부산광역시 동래구 복천로 63,"도시철도 4호선 수안역 5번 출구 도보 18분, 마을버스 동래구6 복천박물관 하차",부산 동래구 칠산동 산 1-47,칠산로,Y,35.20812,129.09174
뮤지엄다,부산광역시 해운대구 센텀서로 20,"도시철도 2호선 센텀시티역 6번 출구 도보 5분, 버스 141, 155, 40, 5-1, 63, 1001, 1002, 1007번 센텀시티역 하차 도보 7분",부산 해운대구 우동 1524,센텀5로,N,35.17042,129.1342
중앙공원,"중앙공원 부산광역시 서구 망양로 193번길 187, 민주공원 부산광역시시 중구 민주공원길 19","도시철도 1호선 초량역 1번 출구 → 508 버스 환승 → 중앙공원?민주공원 하차 도보 6분, 1호선 동대신역 3번 출구 → 중구1 마을버스 환승 → 중앙공원?민주공원 하차 도보 5분, 버스 38 43 508 70 중앙공원?민주공원 하차, 주차 중앙공원?민주공원 공영주차장",부산 서구 동대신동2가 102-35,망양로,N,35.11318,129.026
백양산,부산광역시 부산진구 당감동,"도시철도 1호선 서면역 9번 출구 → 롯데호텔백화점 맞은편 정류장 버스 17, 23 환승 → 선암사 입구 하차 도보 14분, 도시철도 1호선 서면역 13번 출구 → 영광도서 뒤 맞은편 정류장 버스 54, 63, 81, 133 어린이대공원 하차",부산 부산진구 부암동 715,백양산로,Y,35.17486,129.03193
부산박물관,부산광역시 남구 유엔평화로 63,"도시철도 2호선 대연역 1번 출구 도보 12분, 버스 134, 51, 68, 138, 138-1, 1006 시립박물관?부산문화회관 하차, 부산시티투어버스 : 부산역(레드라인) → 부산박물관 하차, 주차 박물관 내 주차장(무료)",부산 남구 대연동 1014,유엔로,Y,35.13156,129.09194
차이나타운,부산광역시 동구 대영로243번길 43,"도시철도 1호선 부산역 1번, 5번 출구, 버스 2, 26, 27, 41, 59, 67, 87, 103, 167, 520 부산역 하차, 주차 차이나타운 공영주차장(유료)",부산 동구 초량동 1206-1,초량중로,Y,35.11474,129.0393
성지곡수원지,부산 부산진구 새싹로 295,"도시철도 1호선 서면역 13번 출구 → 영광도서 뒤 맞은편 정류장 버스 54, 63, 81, 133 어린이대공원 하차, 도보 이동, 주차 어린이대공원 주차장(유료)",부산 부산진구 초읍동 43-5,성지로,Y,35.18282,129.04711
어린이대공원,부산광역시 부산진구 새싹로 295,"버스 54, 63, 81, 133 어린이대공원 하차, 주차 어린이대공원 주차장(유료)",부산 부산진구 초읍동 43-5,성지로,Y,35.18282,129.04711
스포원파크,부산광역시 금정구 체육공원로399번길 324,"도시철도 1호선 노포역 하차 1번 출구 → 버스 환승 29, 37, 49, 51, 80, 90, 131, 148, 301, 금정구2-2 금정공영차고지 하차 도보 12분",부산 금정구 노포동 287-4,체육공원로,N,35.2921,129.09949
승학산 억새평원,부산광역시 사하구 당리동 산 45-1,"도시철도 1호선 당리역 1번 출구 → 마을버스 사하구2, 2-1 동원베네스트2차아파트 하차 등산로 도보 이동, 버스 123, 126, 138, 16, 2, 3, 520, 58-2, 1001 사하구청 하차 도보 23분",부산 사하구 당리동 315,제석로,Y,35.10518,128.97396
신선대,부산광역시 남구 신선대산복로 174,"도시철도 2호선 경성대?부경대 → 20, 22, 24, 27, 39, 131 버스환승 → 백운포고개 하차, 주차장 신선대 유원지 주차장(무료)",부산 남구 용호동 894-26,신선대산복로,Y,35.10759,129.11205
아홉산 숲,부산광역시 기장군 철마면 미동길 37-1,"도시철도 1호선 노포역 → 2-3 마을버스 환승 → 미동마을 하차, 주차 아홉산숲 주차장",부산 기장군 철마면 와여리 486-6,곰내길,Y,35.27611,129.15059
일광해수욕장,부산광역시 기장군 일광면 삼성3길 17,"도시철도 2호선 해운대역 → 1006, 180번 버스환승 → 일광해수욕장 입구 하차, 버스 188, 180, 1006 일광해수욕장 입구 하차, 마을버스 기장군2, 기장군8-1, 기장군9, 기장군3, 기장군8 일광해수욕장 입구 하차",부산 기장군 일광면 삼성리 103-2,일광로,N,35.26257,129.23155
국립일제강제동원역사관,부산광역시 남구 홍곡로320번길 100,"도시철도 2호선 못골역 1번 출구 → 마을버스 남구9 환승 → 국립일제강제동원역사관 하차, 버스 134 석포초등학교 하차, 도보 10분, 마을버스 남구9 ? 유엔평화기념관?국립일제강제동원역사관 하차",부산 남구 대연동 1015,석포로,Y,35.1282,129.09107
임랑해수욕장,부산광역시 기장군 장안읍 갑골길,"도시철도 2호선 해운대역 → 180 버스 환승 → 임랑삼거리 하차, 버스 37, 180, 188 임랑삼거리 하차, 마을버스 기장군9, 기장군3 임랑삼거리 하차",부산 기장군 장안읍 임랑리 94-6,해맞이로,Y,35.31779,129.26146
장산,부산광역시 해운대구 좌동 1390(대천공원),"도시철도 2호선 장산역 10번 출구 도보 26분, 버스 100-1, 115-1, 181, 40, 63 대림3차아파트 하차 도보 15분, 주차 대천공원 공영주차장(유료) 도보 5분",부산 해운대구 재송동 1171,재송2로,Y,35.1929,129.12961
봉래산,부산광역시 영도구 신선동3가 산3,"도시철도 1호선 남포역 6번 출구 → 버스 508, 71 환승 → 절영종합사회복지관 하차 등산로 방향 도보 이동",부산 영도구 신선동3가 115-6,중복길,Y,35.08176,129.04496
장안사,부산광역시 기장군 장안읍 장안로 482,"마을버스 기장군9 상장안 하차 도보 약 17분, 주차 장안사 주차장",부산 기장군 장안읍 장안리 509-1,장안로,N,35.37127,129.24211
호천마을,부산광역시 부산진구 엄광로 491,버스 서면 롯데백화점 부산본점 맞은편 버스정류장 87 탑승 → 호천마을 입구 하차,부산 부산진구 범천동 1639-60,범상로,N,35.14427,129.04806
회동수원지,부산광역시 금정구 수원지로,"도시철도 1호선 범어사역 1번 출구 → 버스 환승 금정구3-1 → 상현마을 하차, 버스 29, 49, 51, 80, 131, 301 범어사입구 하차 → 환승 금정구3-1 → 상현마을 하차, 주차 선동주차장(무료)",부산 금정구 선동 338-2,상현로,N,35.26631,129.11057
이터널저니,부산광역시 기장군 기장읍 기장해안로 268-31,"동해선 오시리아역 하차 → 139, 181, 100 버스 환승 → 동암후문 하차, 주차 힐튼부산 주차장",부산 기장군 기장읍 시랑리 706,기장해안로,N,35.19764,129.22293
송상현광장,부산광역시 부산진구 중앙대로 818,"도시철도 1호선 부전역 8번 출구 도보 2분, 버스 5-1, 10, 20, 29, 31, 33, 43, 52, 57, 62, 77, 80, 86, 87, 99, 110-1, 111, 129-1, 141, 1002 송상현광장 하차, 주차 송상현광장 주차장",부산 부산진구 전포동 144,중앙대로,Y,35.16628,129.06612
영화의 거리,부산광역시 해운대구 마린시티1로 91,도시철도 2호선 동백역 3번 출구 도보 18분,부산 해운대구 우동 1447,마린시티1로,Y,35.15542,129.14174
삼광사,부산광역시 부산진구 초읍천로43번길 77,"도시철도 2호선 서면역 9번 출구 영광도서 맞은편 정류장 → 마을버스 부산진구15 환승 → 삼광사 경내 정류장 하차, 버스 44, 54, 63, 81, 133 삼광사 입구 하차 도보 이동, 주차 삼광사 주차장(무료)",부산 부산진구 초읍동 645-10,초읍천로,Y,35.17629,129.04679
오랑대공원,부산광역시 기장군 기장읍 기장해안로 340,"버스 100, 139, 181 해광사 하차 → 도보 4분, 주차 오랑대공원 주차장",부산 기장군 기장읍 연화리 507,기장해안로,N,35.20532,129.22423
선암사,부산광역시 부산진구 백양산로 138,"도시철도 1호선 서면역 9번 출구 → 롯데호텔백화점 맞은편 정류장 버스 17, 23 환승 → 선암사 입구 하차 도보 14분, 주차 선암사 주차장",부산 부산진구 부암동 723,백양산로,Y,35.17558,129.03052
금강공원,부산 동래구 우장춘로 155,"도시철도 1호선 온천장역 1번 출구 도보 15분, 버스 46, 77, 80, 110, 110-1, 121, 131, 1002(심야) 금강공원 입구 하차 도보 5분, 주차 금강공원 공영주차장(유료)",부산 동래구 온천동 293-14,우장춘로,N,35.21976,129.0765
사직야구장,부산광역시 동래구 사직로 45,"도시철도 3호선 종합운동장역 9번 출구 도보 11분, 버스 54, 57, 83-1, 131 사직실내수영장 하차 도보 4분",부산 동래구 사직동 737,사직로,Y,35.19512,129.05686
구포어린이교통공원,부산광역시 북구 낙동북로 687,"도시철도 2호선 구명역 2번 출구 도보 5분, 버스 124, 128-1, 169, 169-1 구남시장 하차 도보 7분, 주차 구포어린이교통공원 주차장",부산 북구 구포동 972-51,낙동북로,Y,35.20078,128.99888
대신공원,부산광역시 서구 대신공원로 37-18,"버스 167, 190 동아대학교병원 하차 도보 5분, 마을버스 서구5 동아대학교 구덕캠퍼스 하차 도보 4분, 주차 대신공원 공영주차장(유료)",부산 서구 동대신동3가 13-6,대신공원로,Y,35.1195,129.01647
백산기념관,부산광역시 중구 백산길 11,"도시철도 1호선 중앙역 1번 출구 도보 3분, 버스 15, 81, 86, 126, 186 백산기념관 하차 도보 1분",부산 중구 동광동4가 27,동광길,Y,35.10282,129.03415
동래향교,부산광역시 동래구 동래로 103,"도시철도 1, 4호선 동래역 4번 출구 도보 10분, 버스 100, 110-1, 동래구1, 동래구3, 동래구6-1 복산동주민센터 하차 도보 4분",부산 동래구 명륜동 233-2,동래로,Y,35.20726,129.08388
기장향교,부산광역시 기장군 기장읍 차성로417번길 35,마을버스 기장군6 문화그린맨션 하차 도보 3분,부산 기장군 기장읍 교리 48-1,차성로,Y,35.25699,129.21593
부산커피박물관,부산광역시 부산진구 전포대로 199번길 9,"도시철도 2호선 전포역 7번 출구 도보 1분, 버스 138-1, 24 경남공고 하차 도보 3분",부산 부산진구 전포동 870-1,전포대로,N,35.15449,129.06521
수영사적공원,부산광역시 수영구 수영성로 43,"도시철도 2, 3호선 수영역 1번 출구 도보 9분, 버스 1, 131, 141, 20, 5-1, 62, 63 수영사적공원 하차, 주차 수영사적공원 공영주차장(무료)",부산 수영구 광안동 1092,연수로,Y,35.16942,129.11218
우장춘기념관,부산광역시 동래구 우장춘로62번길 7,"도시철도 3호선/4호선 미남역 14번 출구 도보 11분, 도시철도 1호선 명륜역 1번 출구 도보 16분, 버스 80, 동래구1-1, 동래구3 우장춘기념관 하차",부산 동래구 온천동 390-2,우장춘로,Y,35.21328,129.07173
이중섭 문화거리,부산광역시 동구 증산로 168,"도시철도 1호선 좌천역 7번 출구 도보 12분, 버스 186, 29, 38, 86, 동구1, 동구1-1 아름빌아파트 하차",부산 동구 범일동 1622-46,증산로,Y,35.13995,129.05142
최민식 갤러리,부산광역시 서구 천마산로410 아미문화학습관 2층,"도시철도 1호선 토성역 8번 출구 도보 9분, 버스 134, 190 아미치안센터 하차 도보 3분, 마을버스 서구2 아미초등학교 하차 도보 2분, 주차 아미골 공영주차장(유료)",부산 서구 아미동2가 81-7,해돋이로,Y,35.098,129.01696
초량이바구길,부산광역시 동구 중앙대로 209번길 16,"도시철도 1호선 부산역 7번 출구 도보 2분, 버스 26, 27, 40, 41, 59, 81, 87, 103, 1003, 1004 부산역 하차 도보 2분, 주차 부산역 공영주차장",부산 동구 초량동 1206-1,중앙대로,Y,35.11453,129.03934
부산그린레일웨이,부산 해운대구 해운대해변로 85,"해운대블루라인파크 미포정거장, 부산광역시 해운대구 달맞이길62번길 13, 도시철도 2호선 중동역 7번 출구 도보 18분, 주차 해운대블루라인파크 미포정거장 주차장",부산 해운대구 우동 977-8,해운대로,Y,35.16242,129.14512
해동용궁사,부산광역시 기장군 기장읍 용궁길 86,"동해선 오시리아역 1번 출구 → 오시리아역 버스정류장 139 버스 환승 → 해동용궁사 하차, 주차 해동용궁사 주차장",부산 기장군 기장읍 시랑리 393-24,기장해안로,N,35.19413,129.22046
동백방파제,부산광역시 기장군 일광면 동백리 233-44,"기장군청 정류장 버스 188, 180 승차 → 동백 하차, 주차 동백항",부산 기장군 일광면 동백리 213-2,일광로,N,35.28742,129.25664
사라수변공원,부산광역시 기장군 기장읍 대라리 805-2,"동해선 기장역 1번 출구 → 기장중학교 정류장 마을버스 기장군11 승차 → 기장고등학교 하차 도보 10분, 주차 사라수변공원 주차장(좁음)",부산 기장군 기장읍 대라리 254,대청로,Y,35.23859,129.21024
백양산 웰빙숲,부산광역시 사상구 모라동 1243-4,"도시철도 2호선 모라역 3번 출구 택시 이용, 주차 운수천공영주차장",부산 사상구 모라동 75-7,모라로,Y,35.18551,129.0006
영도 청학배수지 전망대,부산광역시 영도구 와치로 36,"버스 9, 마을버스 영도구5, 영도구7 이용 (구)해사고 정류장 하차",부산 영도구 청학동 68-283,일산봉로,Y,35.08838,129.06462
우암동 도시숲,부산광역시 남구 우암동 12,도시철도 2호선 지게골역 1번 출구 도보 20분,부산 남구 우암동 239-12,장고개로,Y,35.1278,129.07114
몰운대,부산광역시 사하구 다대동 산 144,도시철도 1호선 다대포해수욕장역 4번 출구 도보 5분,부산 사하구 다대동 1552-2,다대로,Y,35.04767,128.96804
구봉산 치유숲길,부산광역시 동구 구봉북길 19(부산 동구 산 35-22),"도시철도 1호선 부산진역 1번 출구 → 마을버스 동구2 환승 → 수정아파트5동 하차 도보 10분, 주차 구봉산 치유숲길 공영주차장",부산 동구 수정동 1190,망양로,Y,35.12611,129.03531
낙동강생태탐방선,부산광역시 사하구 하단동 1149-10 을숙도생태공원 내 을숙도 선착장,"도시철도 1호선 하단역 3번 출구 → 버스 3, 58-2, 520, 58, 55 환승 → 을숙도문화회관 하차, 도보 5분,주차 을숙도공영주차장",부산 사하구 하단동 1150-1,낙동남로,N,35.10868,128.94639
구덕야영장,부산 서구 서대신동3가 산 2-1,도시철도 1호선 서대신역 4번 출구 → 마을버스 서구1 환승 → 구덕꽃마을 하차,부산 서구 서대신동3가 8-19,꽃마을로,Y,35.1275,129.00719
대저생태공원캠핑장,부산 강서구 대저1동 1-5,도시철도 3호선 강서구청역 3번 출구 → 강서구청역 정류장 버스 125번 환승 → 부산혜원학교 하차 도보 8분,부산 강서구 대저1동 2523,공항로,Y,35.21567,128.98919
구덕문화공원,부산광역시 서구 꽃마을로163번길 73,"도시철도 1호선 서대신역 4번 출구 → 마을버스 서구1 환승 → 구덕꽃마을 하차 도보 10분, 주차 구덕문화공원 주차장",부산 서구 서대신동3가 8-19,꽃마을로,Y,35.12756,129.00722
아미르공원,부산광역시 영도구 동삼동 1165,"버스 190, 30, 8, 101, 88 동삼혁신지구입구 하차, 도보 5분, 주차 국립해양박물관 주차장",부산 영도구 동삼동 1125-24,해양로,Y,35.0779,129.07495
평화공원,부산광역시 남구 대연동 677,"버스 10, 155, 583, 남구8 평화공원 하차, 도보 2분, 주차 평화공원 공영주차장",부산 남구 대연동 675,조각공원로,Y,35.12779,129.10162
대저생태공원,부산광역시 강서구 대저1동 1-12번지,"도시철도 3호선 강서구청역 3번 출구 → 강서구청역 정류장 버스 125번 환승 → 부산혜원학교 하차 도보 8분, 주차 대저생태공원 공영주차장",부산 강서구 대저1동 2892-1,공항로,N,35.20109,128.97008
한국신발관,부산광역시 부산진구 백양대로 227,"도시철도 2호선 개금역 2번 출구 → 개금초등학교 정류장 → 버스 169, 167, 160, 138-1 환승 → 한국신발관 하차, 주차 한국신발관 주차장",부산 부산진구 개금동 354-3,백양대로,Y,35.15569,129.02248
장산 계곡,부산광역시 해운대구 장산로 331-9,"도시철도 2호선 장산역 10번 출구 택시 이용, 주차 대천공원 공영주차장",부산 해운대구 좌동 1381,양운로,Y,35.17995,129.16784
민주공원,부산광역시 중구 민주공원길,"도시철도 1호선 초량역 1번 출구 → 508 버스 환승 → 민주공원 하차 도보 6분, 주차 민주공원 공영주차장",부산 서구 동대신동2가 102-13,망양로,Y,35.11305,129.02599
쇠미산,부산광역시 동래구 사직동 산81-7,도시철도 3호선 미남역 3번 출구 - 버스 210번 환승 - 원광사 하차,부산 동래구 사직동 600-38,쇠미로,Y,35.1992,129.05381
문동방파제,부산광역시 기장군 일광면 문동리 293-3,"기장군청 버스정류장 180, 188 승차 → 문동 하차 도보 5분, 주차 문동방파제 주차장",부산 기장군 일광면 문중리 202-8,문중길,N,35.30201,129.256568
신평소공원,부산광역시 기장군 일광면 신평리 11-1,"도시철도 2호선 센텀시티역 하차 - 버스 181번 환승 - 기장시장 하차 -마을버스 기장군3, 기장군8-1 - 신평 하차 도보 4분, 주차 신평소공원 주차장(5대 주차 가능)",부산 기장군 일광면 신평리 29-2,일광로,N,35.29487,129.25933
유치환우체통,초량이바구길 부산광역시 동구 중앙대로 209번길 16,"도시철도 1호선 부산역 7번 출구 도보 2분, 초량역 1번 출구 도보 8분, 버스 26, 27, 40, 41, 59, 81, 87, 103, 1003, 1004 부산역 하차 도보 2분, 주차 인근 공영주차장",부산 동구 초량동 827-145,망양로,Y,35.12176,129.03336
신선중학교,부산광역시 영도구 복지관길 40,"버스 6, 82, 85, 9 신선중학교 하차 도보 3분",부산 영도구 영선동4가 674,하나길,Y,35.08104,129.04442
백양중학교,부산광역시 북구 상리로 70,도시철도 3호선 만덕역 3번 출구 도보 15분,부산 북구 만덕동 899,덕천로,Y,35.20884,129.03935
만덕레고마을,부산광역시 북구 은행나무로23번길 40,도시철도 3호선 만덕역 1번 출구 도보 10분,부산 북구 만덕동 900,덕천로,Y,35.20884,129.03935
회동마루,부산광역시 금정구 금사로 217,"버스 179, 184, 42, 43, 5-1, 99 회동본동 하차 도보 5분",부산 금정구 회동동 212,금사로,Y,35.22831,129.11966
온천천시민공원,부산광역시 연제구 연산동 2056-8,"동해선 동래역 2번 출구 도보 15분, 주차 동해선 동래역 주차장",부산 동래구 낙민동 95,반송로,Y,35.19417,129.09179
오륙도,부산광역시 남구 오륙도로 137,"도시철도 2호선 경성대?부경대역 → 버스 24, 27, 131, 남구2 환승 → 오륙도 SK아파트 하차, 부산시티투어버스 : 부산역(레드라인) → 용호만 유람선터미널(그린라인 환승) → 오륙도 하차, 주차 오륙도 공영주차장",부산 남구 용호동 947,오륙도로,Y,35.10142,129.12184
수영강시민공원,부산광역시 해운대구 반여동 1502-16,동해선 부산원동역 2번 출구 도보 15분,부산 해운대구 반여동 1199-15,수영강변대로,Y,35.20046,129.11678
부산문화콘텐츠콤플렉스,부산광역시 해운대구 수영강변대로 140,도시철도 2호선 센텀시티역 6번 출구 도보 8분,부산 해운대구 우동 1524,센텀서로,N,35.17247,129.12726
도시철도 미남역,부산광역시 동래구 아시아드대로 지하 232,도시철도 3호선 미남역 지하,부산 동래구 온천동 1486,석사북로,Y,35.20561,129.0682
웹툰이바구길,부산광역시 동구 성북로 57-2(성북전통시장),"버스 186, 86, 87 성북고개 하차 도보 1분, 주차 성북공영주차장",부산 동구 범일동 1430-6,성북로,Y,35.13858,129.04798
서면메디컬스트리트,부산광역시 부산진구 가야대로 787(부산 의료관광 종합안내센터),"도시철도 1,2호선 서면역 9번 출구 일대, 버스 1, 110-1, 124, 129-1, 133, 138-1, 141, 31, 33, 77, 85, 87, 108, 138, 167, 168, 17, 23, 67, 68, 1004 롯데호텔백화점 하차, 주차: 인근 공영주차장(주차비 별도)",부산 부산진구 부전동 576-1,가야대로,N,35.15758,129.05391
대항어촌마을,부산광역시 강서구 가덕해안로1207번길 9-2,"도시철도 1호선 하단역 → 버스 520 환승 → 대항마을 정류장 하차, 도보 4분, 주차 부산 강서구 대항동 산13-26 (대항공영주차장)",부산 강서구 대항동 416-3,가덕해안로,N,35.01222,128.82766
다대포꿈의낙조분수,부산광역시 사하구 몰운대1길 14,"지하철 이용 시 : 1호선 다대포해수욕장역 하차 후 4번 출구 도보 3분, 버스 이용 시 : 3, 96, 96-1, 338, 1000번 - 하차정류장(다대포 해수욕장역) 도보 5분, 자가용 이용 시 : 몰운대주차장(공영), 중앙주차장(공영) 주차요금 : 10분당 200원",부산 사하구 다대동 1552-2,다대로,Y,35.04763,128.96797
송도구름산책로,부산광역시 서구 암남동 129-4,"버스 17, 61, 1011 송도입구 하차 → 도보 14분 / 버스 26, 30 암남동주민센터 하차 → 도보 10분",부산 서구 암남동 124-6,송도해변로,N,35.07616,129.02282
송도해상케이블카,부산광역시 서구 송도해변로 171,"버스 17, 61, 1011 송도입구 하차 → 도보 14분 / 버스 26, 30 암남동주민센터 하차 → 도보 10분",부산 서구 암남동 123-50,송도해변로,N,35.07639,129.02385
국제시장,부산광역시 중구 중구로 36,"지하철 이용 시 : 1호선 자갈치역 7번 출구 도보 6분, 버스 이용 시 : 86, 186 국제시장 하차 → 도보 3분",부산 중구 부평동1가 51-1,광복로,N,35.09945,129.02776
깡통시장,부산광역시 중구 부평1길 48,"지하철 이용 시 : 1호선 자갈치역 3번 출구 도보 9분, 버스 이용 시 : 40, 81 보수동책방골목 하차 → 도보 4분",부산 중구 보수동2가 119,대청로,Y,35.10316,129.02503
BIFF광장,부산광역시 중구 남포동3가 1-1,"지하철 이용 시 : 1호선 자갈치역 7번 출구 도보 8분, 버스 이용 시 : 41, 27 자갈치역.비프광장 하차 → 도보 2분",부산 중구 부평동2가 46,보수대로,Y,35.09849,129.02525
자갈치시장,부산광역시 중구 자갈치해안로 52,"지하철 이용 시 : 1호선 남포역 2번 출구 도보 4분, 버스 이용 시 : 5-1, 27, 41, 61 자갈치시장 하차 → 도보 2분",부산 중구 남포동5가 105-2,자갈치로,N,35.09759,129.02938
경성대문화골목,부산광역시 남구 용소로13번길 36-1,"지하철 이용 시 : 2호선 경성대.부경대역 1번 출구 도보 3분, 버스 이용 시 : 남구2, 남구10 경성대학교입구 하차 → 도보 3분",부산 남구 대연동 77,용소로,Y,35.13695,129.10023
고흐의길,부산광역시 해운대구 해운대로 898,"지하철 이용 시 : 2호선 장산역 1번 출구 도보 19분, 버스 이용 시 : 141, 39, 63, 181, 100-1 신도시시장.아세안문화원 하차 → 도보 8분",부산 해운대구 좌동 1422,해운대로,Y,35.17614,129.18311
동래읍성지,"부산광역시 동래구 명륜동, 복천동, 칠산동, 안락동 일원","지하철 이용 시 : 4호선 명장역 3번 출구 도보 21분 , 버스 이용 시 :  동래구 6, 6-1, 1 학산여자고등학교 하차 → 도보 9분",부산 동래구 칠산동 19,동래로,Y,35.20699,129.09505
